{
  "emulators": {
    "auth": {
      "port": 9099
    },
    "functions": {
      "port": 5001
    },
    "firestore": {
      "port": 8080
    },
    "database": {
      "port": 9000
    },
    "storage": {
      "port": 9199
    },
    "ui": {
      "enabled": true
    },
    "singleProjectMode": true,
    "hosting": {
      "port": 5000
    }
  },
  "functions": [
    {
      "source": "functions",
      "codebase": "default",
      "ignore": [
        "node_modules",
        ".git",
        "firebase-debug.log",
        "firebase-debug.*.log"
      ]
    }
  ],
  "firestore": {
    "rules": "firestore.rules",
    "indexes": "firestore.indexes.json"
  },
  "hosting": {
    "source": ".",
    "ignore": [
      "firebase.json",
      "**/.*",
      "**/node_modules/**"
    ],
    "frameworksBackend": {
      "region": "us-central1"
    }
  },
  "storage": {
    "rules": "storage.rules"
  }
}
